#HG-3SAT-V250-C1000-7.cnf,16,gl,0,b,0.250,0.03115701675415039,891
50,1.6268599033355713,903
100,3.349355936050415,903
150,4.919546842575073,903
200,6.48103404045105,903
250,8.044104814529419,903
300,9.806584119796753,903
350,11.555180072784424,903
400,13.53365707397461,903
450,15.714967966079712,903
500,17.477078914642334,903
550,19.231991052627563,904
600,21.005204916000366,904
650,22.734747171401978,904
700,24.483059883117676,904
750,26.234166860580444,904
800,27.95483374595642,904
850,29.695984840393066,904
900,31.42871403694153,904
950,33.38264083862305,904
1000,35.136314153671265,904
1050,36.842482805252075,904
1100,38.66663694381714,904
1150,40.370341777801514,904
1200,42.054383993148804,904
1250,43.86238479614258,904
1300,45.56388711929321,908
1350,47.304373025894165,908
1400,49.06869912147522,908
1450,50.84110403060913,908
1500,52.61341214179993,908
1550,54.382483959198,908
1600,56.14725303649902,908
1650,57.93774104118347,908
1700,59.797276973724365,908
1750,61.55779695510864,908
1800,63.30082392692566,908
1850,65.06682586669922,908
1900,66.83536887168884,908
1950,68.58666706085205,908
2000,70.32862782478333,908
2050,72.07516193389893,908
2100,73.79550099372864,908
2150,75.54142594337463,908
2200,77.293123960495,908
2250,79.00575304031372,908
2300,80.7667350769043,908
2350,82.5304160118103,908
2400,84.27885293960571,908
2450,86.044597864151,908
2500,87.77255702018738,908
2550,89.47526097297668,908
2600,91.24029493331909,908
2650,93.02696394920349,908
2700,94.75797295570374,908
2750,96.47150897979736,908
2800,98.18233489990234,908
2850,99.9029381275177,908
2900,101.65758991241455,908
2950,103.42586183547974,908
3000,105.13711309432983,908
3050,106.8428008556366,908
3100,108.55945181846619,908
3150,110.26645708084106,908
3200,111.97170782089233,908
3250,113.68034410476685,908
3300,115.38518905639648,908
3350,117.0928008556366,908
3400,118.80256795883179,908
3450,120.5058319568634,908
3500,122.22364687919617,908
3550,123.932541847229,908
3600,125.60950493812561,908
3650,127.28611993789673,908
3700,128.9975757598877,908
3750,130.7012119293213,908
3800,132.40509486198425,908
3850,134.11008882522583,908
3900,135.8127589225769,908
3950,137.53052377700806,908
4000,139.2395350933075,908
4050,140.95584106445312,908
4100,142.66249179840088,908
4150,144.3334629535675,908
4200,146.01626014709473,908
4250,147.7263069152832,908
4300,149.42211604118347,908
4350,151.07301712036133,908
4400,152.77077984809875,908
4450,154.47591185569763,908
4500,156.1587359905243,908
4550,157.81786108016968,908
4600,159.53419494628906,908
4650,161.2070529460907,908
4700,162.87473106384277,908
4750,164.59689807891846,908
4800,166.28133606910706,908
4850,167.95027613639832,908
4900,169.60520386695862,908
4950,171.26295709609985,908
5000,172.92322087287903,908
5050,174.65882897377014,908
5100,176.3604919910431,908
5150,178.01353096961975,908
5200,179.72083497047424,908
5250,181.38272094726562,908
5300,183.04612493515015,908
5350,184.70560097694397,908
5400,186.40193390846252,908
5450,188.08786392211914,908
5500,189.7415931224823,908
5550,191.42679381370544,908
5600,193.10564398765564,908
5650,194.75897693634033,908
5700,196.40816402435303,908
5750,198.07243704795837,908
5800,199.74203491210938,908
5850,201.4236979484558,908
5900,203.08368396759033,908
5950,204.70783305168152,908
6000,206.35545086860657,908
6050,208.01179480552673,912
6100,209.66233086585999,912
6150,211.3587520122528,912
6200,213.0199737548828,912
6250,214.67324209213257,912
6300,216.27883791923523,912
6350,217.92714500427246,912
6400,219.58476996421814,912
6450,221.23487901687622,912
6500,222.88994789123535,912
6550,224.55895590782166,912
6600,226.18993186950684,912
6650,227.85123205184937,912
6700,229.52650594711304,912
6750,231.21664881706238,912
6800,232.8695731163025,912
6850,234.52775287628174,912
6900,236.2116310596466,912
6950,237.90257596969604,912
7000,239.55200004577637,912
7050,241.20680809020996,912
7100,242.8745357990265,912
7150,244.52823185920715,912
7200,246.1830599308014,912
7250,247.83867478370667,912
7300,249.5173089504242,912
7350,251.19392204284668,912
7400,252.84556579589844,912
7450,254.49809885025024,912
7500,256.1510729789734,912
7550,257.81798911094666,912
7600,259.4691069126129,912
7650,261.1191418170929,912
7700,262.7750198841095,912
7750,264.4231879711151,912
7800,266.1136839389801,912
7850,267.7681028842926,912
7900,269.4217138290405,912
7950,271.0721468925476,912
8000,272.7399537563324,912
8050,274.39142179489136,912
8100,276.04586386680603,912
8150,277.69971990585327,912
8200,279.36034393310547,912
8250,281.01459193229675,912
8300,282.67174196243286,912
8350,284.33205914497375,912
8400,285.98610401153564,912
8450,287.67291378974915,912
8500,289.3548119068146,912
8550,291.00486397743225,912
8600,292.6619019508362,912
8650,294.31200408935547,912
8700,295.93977189064026,912
8750,297.5925340652466,912
8800,299.24872398376465,912
Timed Out#HG-3SAT-V250-C1000-7.cnf,30,gl,0,b,0.250,0.07055091857910156,896
50,3.3874077796936035,907
100,6.539785861968994,907
150,9.601202726364136,907
200,12.701819896697998,907
250,15.8073148727417,907
300,18.901742696762085,907
350,21.97048807144165,907
400,25.14433193206787,907
450,28.25675892829895,907
500,31.362719774246216,907
550,34.505478858947754,907
600,37.60767579078674,907
650,40.722641706466675,907
700,43.87905979156494,907
750,47.00225567817688,907
800,50.10849094390869,907
850,53.20987272262573,907
900,56.27397298812866,907
950,59.41238975524902,907
1000,62.526341676712036,907
1050,65.67060971260071,907
1100,68.79391098022461,907
1150,71.94241404533386,907
1200,75.04245495796204,907
1250,78.125070810318,907
1300,81.21159482002258,907
1350,84.31242990493774,907
1400,87.45847582817078,907
1450,90.55984568595886,910
1500,93.67180490493774,910
1550,96.72836685180664,910
1600,99.89548182487488,910
1650,103.09305191040039,910
1700,106.24090075492859,910
1750,109.39009690284729,910
1800,112.56400299072266,910
1850,115.7006299495697,910
1900,118.84024786949158,910
1950,121.9445788860321,910
2000,125.19927597045898,910
2050,128.31364679336548,910
2100,131.45361399650574,910
2150,134.58639001846313,910
2200,137.7317397594452,910
2250,140.87269186973572,910
2300,144.0093219280243,910
2350,147.1508128643036,910
2400,150.29102087020874,910
2450,153.4759078025818,910
2500,156.57087206840515,910
2550,159.71199488639832,910
2600,162.85609078407288,910
2650,165.97175478935242,910
2700,169.09699177742004,910
2750,172.23282384872437,910
2800,175.32829570770264,910
2850,178.51256895065308,910
2900,181.67456579208374,910
2950,184.88026905059814,910
3000,188.0170578956604,910
3050,191.15962386131287,910
3100,194.3327407836914,910
3150,197.47897791862488,910
3200,200.62759280204773,910
3250,203.7397758960724,910
3300,206.891441822052,910
3350,210.10763883590698,910
3400,213.22469282150269,911
3450,216.35863280296326,911
3500,219.52650475502014,911
3550,222.64223194122314,911
3600,225.7834358215332,911
3650,228.92835783958435,911
3700,232.0854048728943,911
3750,235.22540283203125,911
3800,238.3922679424286,911
3850,241.49498391151428,911
3900,244.72067880630493,911
3950,247.83049988746643,911
4000,250.97908663749695,911
4050,254.15503478050232,911
4100,257.2981948852539,911
4150,260.43988585472107,911
4200,263.58933782577515,911
4250,266.7105016708374,911
4300,269.87755584716797,911
4350,273.0297157764435,911
4400,276.2265148162842,911
4450,279.3697409629822,911
4500,282.5591039657593,911
4550,285.70068192481995,911
4600,288.8744549751282,911
4650,292.0286157131195,911
4700,295.16587686538696,911
4750,298.3000349998474,911
Timed Out#HG-3SAT-V250-C1000-7.cnf,64,gl,0,b,0.250,0.12993502616882324,895
50,6.8731207847595215,904
100,13.485016822814941,904
150,20.184787034988403,905
200,26.92719602584839,905
250,33.627485036849976,905
300,40.2936110496521,908
350,47.12318706512451,908
400,53.816770792007446,909
450,60.50936508178711,914
500,67.20371007919312,914
550,73.90872693061829,914
600,80.61279892921448,914
650,87.27435612678528,914
700,93.92512488365173,914
750,100.59816575050354,914
800,107.3581018447876,914
850,114.08613586425781,914
900,120.82276701927185,914
950,127.57377099990845,914
1000,134.3123219013214,914
1050,140.98766899108887,914
1100,147.62554788589478,914
1150,154.28210997581482,914
1200,160.9621388912201,914
1250,167.62744688987732,914
1300,174.31729912757874,914
1350,180.95771193504333,914
1400,187.65678811073303,914
1450,194.29729008674622,914
1500,201.1072919368744,914
1550,207.76552414894104,914
1600,214.49091601371765,914
1650,221.1732349395752,914
1700,227.9433240890503,914
1750,234.6450960636139,914
1800,241.2806658744812,914
1850,247.98413491249084,914
1900,254.63470602035522,914
1950,261.3322949409485,914
2000,267.943176984787,914
2050,274.64407300949097,914
2100,281.2776668071747,914
2150,287.978976726532,914
2200,294.6246860027313,914
Timed Out#HG-3SAT-V250-C1000-7.cnf,16,ri,0,b,0.250,0.03285408020019531,891
50,1.7497241497039795,897
100,3.4842522144317627,900
150,5.16843318939209,905
200,6.8458733558654785,905
250,8.531114101409912,905
300,10.241225957870483,905
350,11.945054054260254,905
400,13.63139009475708,905
450,15.36663293838501,908
500,17.109451055526733,908
550,18.79507040977478,908
600,20.47462511062622,908
650,22.169175148010254,908
700,23.867622137069702,908
750,25.56746506690979,908
800,27.291564226150513,908
850,28.973250150680542,908
900,30.651153326034546,908
950,32.341079235076904,908
1000,34.072129011154175,908
1050,35.760165214538574,908
1100,37.434606075286865,908
1150,39.086889028549194,908
1200,40.7631139755249,908
1250,42.468130111694336,908
1300,44.17521524429321,908
1350,45.849398136138916,908
1400,47.540231227874756,908
1450,49.24865221977234,908
1500,50.94118022918701,908
1550,52.62259817123413,908
1600,54.30495834350586,908
1650,56.03404426574707,908
1700,57.730334997177124,908
1750,59.40559411048889,908
1800,61.09084701538086,908
1850,62.768675088882446,908
1900,64.48905110359192,908
1950,66.16910815238953,908
2000,67.84996604919434,908
2050,69.52575325965881,908
2100,71.20170021057129,908
2150,72.8890790939331,908
2200,74.57506203651428,908
2250,76.30152130126953,908
2300,77.98406910896301,908
2350,79.6609320640564,908
2400,81.33048915863037,908
2450,82.9931173324585,908
2500,84.71030402183533,908
2550,86.38693714141846,908
2600,88.06371927261353,908
2650,89.79217004776001,908
2700,91.529217004776,908
2750,93.2044689655304,908
2800,94.90098929405212,908
2850,96.6080813407898,908
2900,98.28686904907227,908
2950,99.96173524856567,908
3000,101.67607235908508,908
3050,103.3648772239685,908
3100,105.04298496246338,908
3150,106.73208928108215,908
3200,108.41039204597473,908
3250,110.08765316009521,908
3300,111.76636219024658,908
3350,113.47115707397461,908
3400,115.16249227523804,908
3450,116.83638119697571,908
3500,118.51638722419739,908
3550,120.20773124694824,908
3600,121.94811534881592,908
3650,123.63716626167297,908
3700,125.31004333496094,908
3750,127.02840805053711,908
3800,128.75482821464539,908
3850,130.44202494621277,908
3900,132.13897919654846,908
3950,133.82885718345642,908
4000,135.51563334465027,908
4050,137.2623691558838,908
4100,138.96748518943787,908
4150,140.64048528671265,908
4200,142.30740928649902,908
4250,143.99862408638,908
4300,145.72799110412598,908
4350,147.38829517364502,908
4400,149.04552817344666,908
4450,150.83489727973938,908
4500,152.59048128128052,908
4550,154.2801160812378,908
4600,155.9722843170166,908
4650,157.66178107261658,908
4700,159.41180109977722,908
4750,161.10364699363708,908
4800,162.84474110603333,908
4850,164.56897735595703,908
4900,166.27399015426636,908
4950,167.96324610710144,908
5000,169.6580469608307,908
5050,171.38692212104797,908
5100,173.07892608642578,908
5150,174.76770997047424,908
5200,176.45751118659973,908
5250,178.2052993774414,908
5300,179.89454221725464,908
5350,181.59803128242493,908
5400,183.2888503074646,908
5450,184.9758791923523,908
5500,186.70921802520752,908
5550,188.42500710487366,908
5600,190.11091017723083,908
5650,191.77165126800537,908
5700,193.4505763053894,908
5750,195.14104223251343,908
5800,196.87406516075134,908
5850,198.58998703956604,908
5900,200.28860425949097,908
5950,201.97747826576233,908
6000,203.70442605018616,908
6050,205.39444208145142,908
6100,207.0863161087036,908
6150,208.77802801132202,908
6200,210.46548318862915,909
6250,212.17133331298828,909
6300,213.91220831871033,909
6350,215.63991117477417,909
6400,217.33252024650574,909
6450,219.02637124061584,909
6500,220.7164421081543,909
6550,222.41578006744385,909
6600,224.14563727378845,909
6650,225.8436369895935,909
6700,227.55933117866516,909
6750,229.28416204452515,909
6800,230.9750473499298,909
6850,232.66466999053955,909
6900,234.35300207138062,909
6950,236.09204196929932,909
7000,237.80159425735474,909
7050,239.5485770702362,909
7100,241.31193614006042,909
7150,243.0522062778473,909
7200,244.74194312095642,909
7250,246.43256330490112,909
7300,248.16923713684082,909
7350,249.88304996490479,909
7400,251.57610607147217,909
7450,253.26771116256714,909
7500,254.95710802078247,909
7550,256.657368183136,909
7600,258.3493890762329,909
7650,260.04125022888184,909
7700,261.73212909698486,909
7750,263.47107315063477,909
7800,265.1658091545105,909
7850,266.85647225379944,909
7900,268.545969247818,909
7950,270.2364122867584,909
8000,271.9888529777527,909
8050,273.6715452671051,909
8100,275.3630483150482,909
8150,277.09198212623596,909
8200,278.80493426322937,909
8250,280.5248792171478,909
8300,282.276807308197,909
8350,284.02426314353943,909
8400,285.7712182998657,909
8450,287.4745352268219,909
8500,289.1650471687317,911
8550,290.85792422294617,911
8600,292.55451917648315,911
8650,294.27521109580994,911
8700,295.9677722454071,911
8750,297.6646373271942,911
8800,299.35425424575806,911
Timed Out#HG-3SAT-V250-C1000-7.cnf,30,ri,0,b,0.250,0.06346297264099121,895
50,3.4726290702819824,902
100,6.607753038406372,903
150,9.7294180393219,908
200,12.907546758651733,908
250,16.128305912017822,908
300,19.320260763168335,908
350,22.514408826828003,908
400,25.707769870758057,908
450,28.832716703414917,908
500,32.02962899208069,908
550,35.23783564567566,908
600,38.37344574928284,908
650,41.55969166755676,908
700,44.70648384094238,908
750,47.933934926986694,908
800,51.08380484580994,908
850,54.24919581413269,908
900,57.42877793312073,908
950,60.59642291069031,908
1000,63.771414041519165,908
1050,66.89229083061218,908
1100,70.05821394920349,908
1150,73.19744992256165,908
1200,76.3434476852417,908
1250,79.466796875,908
1300,82.65762901306152,908
1350,85.79366087913513,908
1400,89.0137197971344,908
1450,92.1776237487793,908
1500,95.34631776809692,908
1550,98.50976991653442,908
1600,101.65905475616455,908
1650,104.79083490371704,908
1700,107.98261880874634,908
1750,111.14919781684875,908
1800,114.31325078010559,908
1850,117.48026490211487,908
1900,120.64302682876587,908
1950,123.79484391212463,908
2000,126.96692776679993,908
2050,130.1080436706543,908
2100,133.28002381324768,908
2150,136.46449995040894,908
2200,139.73618578910828,908
2250,142.88995099067688,908
2300,146.09447979927063,908
2350,149.23000288009644,908
2400,152.4438018798828,908
2450,155.58825397491455,908
2500,158.77298998832703,908
2550,162.00250887870789,908
2600,165.14307475090027,908
2650,168.33754968643188,908
2700,171.4785988330841,908
2750,174.7000458240509,908
2800,177.86904287338257,908
2850,181.09641075134277,908
2900,184.26257181167603,909
2950,187.44226002693176,909
3000,190.6249668598175,909
3050,193.79084277153015,909
3100,196.97200679779053,909
3150,200.16888785362244,909
3200,203.36446285247803,909
3250,206.51944971084595,909
3300,209.6656458377838,909
3350,212.87911772727966,909
3400,216.0728268623352,909
3450,219.25861883163452,909
3500,222.42033982276917,909
3550,225.60704898834229,909
3600,228.76889300346375,909
3650,231.94939875602722,909
3700,235.0924198627472,909
3750,238.28327679634094,909
3800,241.45144200325012,909
3850,244.62719082832336,909
3900,247.776113986969,909
3950,250.98269391059875,909
4000,254.1178560256958,909
4050,257.33686995506287,909
4100,260.4902069568634,909
4150,263.69009590148926,909
4200,266.8818778991699,909
4250,270.0379989147186,909
4300,273.2518837451935,909
4350,276.40469884872437,909
4400,279.5805778503418,909
4450,282.68295097351074,909
4500,285.89070987701416,909
4550,289.03373074531555,909
4600,292.1757309436798,909
4650,295.373242855072,909
4700,298.51611590385437,909
Timed Out#HG-3SAT-V250-C1000-7.cnf,64,ri,0,b,0.250,0.14804506301879883,897
50,7.0200488567352295,901
100,13.796895027160645,901
150,20.535759210586548,901
200,27.308233976364136,901
250,34.083219051361084,907
300,40.91119694709778,907
350,47.81049299240112,907
400,54.61132287979126,907
450,61.36071515083313,907
500,68.11289715766907,907
550,74.87849712371826,907
600,81.63006591796875,907
650,88.33607912063599,907
700,95.05647420883179,907
750,101.80496096611023,907
800,108.6559271812439,907
850,115.36350703239441,907
900,122.18513703346252,911
950,129.0626220703125,911
1000,135.88445901870728,911
1050,142.67098021507263,911
1100,149.4354329109192,911
1150,156.1850140094757,912
1200,162.96533298492432,912
1250,169.70603013038635,912
1300,176.45576095581055,912
1350,183.2434229850769,912
1400,189.95959496498108,912
1450,196.74166107177734,912
1500,203.51127815246582,912
1550,210.27250790596008,912
1600,217.00783491134644,912
1650,223.7227120399475,912
1700,230.48380708694458,912
1750,237.19273018836975,912
1800,243.95126914978027,912
1850,250.69139409065247,912
1900,257.48948192596436,912
1950,264.24473810195923,912
2000,270.9606511592865,912
2050,277.69981813430786,912
2100,284.44193410873413,912
2150,291.16154289245605,912
2200,297.86061215400696,912
Timed Out#HG-3SAT-V250-C1000-7.cnf,16,vn,0,b,0.25#HG-3SAT-V250-C1000-7.cnf,30,vn,0,b,0.25#HG-3SAT-V250-C1000-7.cnf,64,vn,0,b,0.25#HG-3SAT-V250-C1000-7.cnf,16,ra,0,b,0.25#HG-3SAT-V250-C1000-7.cnf,30,ra,0,b,0.25#HG-3SAT-V250-C1000-7.cnf,64,ra,0,b,0.25#HG-3SAT-V250-C1000-7.cnf,16,houses,0,b,0.25#HG-3SAT-V250-C1000-7.cnf,30,houses,0,b,0.25#HG-3SAT-V250-C1000-7.cnf,64,houses,0,b,0.25#HG-3SAT-V250-C1000-7.cnf,16,ri,0,b,0.250,0.03462028503417969,894
50,1.8409132957458496,902
100,3.5651731491088867,902
150,5.246845245361328,903
200,6.8897740840911865,903
250,8.522237300872803,903
300,10.216398239135742,903
350,11.91726803779602,903
400,13.636744260787964,903
450,15.305183172225952,903
500,17.002769231796265,903
550,18.692469120025635,903
600,20.355058193206787,903
650,22.107235193252563,903
700,23.842334032058716,903
750,25.51957607269287,904
800,27.197411060333252,904
850,28.90371608734131,904
900,30.620004177093506,904
950,32.34087300300598,904
1000,34.04684329032898,904
1050,35.715004205703735,904
1100,37.352044105529785,904
1150,38.995934009552,904
1200,40.68666434288025,906
1250,42.369044065475464,906
1300,44.03534722328186,906
1350,45.74129009246826,906
1400,47.41781520843506,906
1450,49.12605905532837,906
1500,50.82811522483826,906
1550,52.5022451877594,906
1600,54.2110390663147,906
1650,55.91939115524292,906
1700,57.633033990859985,906
1750,59.395251989364624,906
1800,61.155092000961304,906
1850,62.85974717140198,906
1900,64.52689528465271,906
1950,66.25684309005737,906
2000,67.97425103187561,906
2050,69.64761328697205,906
2100,71.31560015678406,906
2150,73.02853202819824,906
2200,74.74427604675293,906
2250,76.44858121871948,906
2300,78.14219903945923,906
2350,79.83104825019836,906
2400,81.53606724739075,906
2450,83.21873998641968,906
2500,84.8770523071289,906
2550,86.58101415634155,906
2600,88.27166414260864,906
2650,89.94235420227051,906
2700,91.64736104011536,906
2750,93.35381197929382,906
2800,95.05621314048767,906
2850,96.71197319030762,906
2900,98.4086651802063,906
2950,100.06131720542908,906
3000,101.72872400283813,906
3050,103.43941307067871,906
3100,105.11914610862732,906
3150,106.77379322052002,906
3200,108.44773316383362,906
3250,110.10762023925781,906
3300,111.77048301696777,906
3350,113.47573924064636,906
3400,115.17145323753357,906
3450,116.83885908126831,906
3500,118.54254531860352,906
3550,120.25602221488953,906
3600,121.9305772781372,906
3650,123.58372712135315,906
3700,125.28785729408264,906
3750,126.96759033203125,906
3800,128.63186717033386,906
3850,130.31100416183472,906
3900,132.0288121700287,906
3950,133.74296498298645,906
4000,135.43591618537903,906
4050,137.15563917160034,906
4100,138.87060403823853,906
4150,140.53511023521423,906
4200,142.24034309387207,906
4250,143.95952224731445,906
4300,145.63121724128723,906
4350,147.2976520061493,906
4400,149.00502014160156,906
4450,150.69801926612854,906
4500,152.36713910102844,906
4550,154.08690118789673,906
4600,155.7586841583252,906
4650,157.46759819984436,906
4700,159.16194105148315,906
4750,160.85394835472107,906
4800,162.57065510749817,906
4850,164.2423050403595,906
4900,165.92424702644348,906
4950,167.6458761692047,906
5000,169.31415605545044,906
5050,170.97825717926025,906
5100,172.6680850982666,906
5150,174.37795615196228,906
5200,176.04572820663452,906
5250,177.76418113708496,906
5300,179.49068331718445,906
5350,181.21177339553833,906
5400,182.89963912963867,906
5450,184.57034921646118,906
5500,186.27580904960632,906
5550,187.99210715293884,906
5600,189.69156312942505,906
5650,191.35906624794006,906
5700,193.0611891746521,906
5750,194.78732419013977,906
5800,196.4745910167694,906
5850,198.16116619110107,906
5900,199.8780381679535,906
5950,201.59667110443115,906
6000,203.303364276886,906
6050,204.96759819984436,906
6100,206.68407225608826,906
6150,208.37341213226318,906
6200,210.056734085083,906
6250,211.7751543521881,907
6300,213.43898820877075,907
6350,215.10950303077698,907
6400,216.8466980457306,907
6450,218.5331780910492,907
6500,220.2125949859619,907
6550,221.9389922618866,907
6600,223.64253330230713,907
6650,225.3187460899353,907
6700,227.0340223312378,907
6750,228.73223614692688,907
6800,230.40638709068298,907
6850,232.12357020378113,907
6900,233.8147840499878,907
6950,235.49756598472595,907
7000,237.19298100471497,907
7050,238.85933327674866,907
7100,240.57101106643677,907
7150,242.2662012577057,907
7200,243.93077206611633,907
7250,245.64417815208435,907
7300,247.34408712387085,907
7350,249.0090732574463,907
7400,250.70356917381287,907
7450,252.40627527236938,907
7500,254.07045197486877,907
7550,255.79243922233582,907
7600,257.4784393310547,907
7650,259.1517503261566,907
7700,260.87188816070557,907
7750,262.91003012657166,907
7800,264.62967824935913,907
7850,266.29352021217346,907
7900,267.96212935447693,907
7950,269.6892421245575,907
8000,271.3959002494812,907
8050,273.08764600753784,907
8100,274.80233812332153,907
8150,276.50842905044556,907
8200,278.229394197464,907
8250,279.9501440525055,907
8300,281.6696650981903,907
8350,283.33571219444275,907
8400,285.0577721595764,909
8450,286.7774751186371,909
8500,288.49078607559204,909
8550,290.15702295303345,909
8600,291.8772690296173,909
8650,293.59918904304504,909
8700,295.3175051212311,909
8750,297.03579807281494,909
8800,298.7527711391449,909
Timed Out#HG-3SAT-V250-C1000-7.cnf,30,ri,0,b,0.250,0.06581807136535645,896
50,3.462977886199951,905
100,6.6338889598846436,909
150,9.802020072937012,909
200,13.076968908309937,909
250,16.274800777435303,909
300,19.48244881629944,909
350,22.720959901809692,909
400,25.914283990859985,909
450,29.124863862991333,909
500,32.31396293640137,909
550,35.565300941467285,909
600,38.74012470245361,909
650,42.01498007774353,909
700,45.2178590297699,909
750,48.47317290306091,909
800,51.63663673400879,909
850,54.87861490249634,909
900,58.03081679344177,909
950,61.27102088928223,909
1000,64.45419096946716,909
1050,67.6421308517456,909
1100,70.86538887023926,909
1150,74.06642508506775,909
1200,77.32769083976746,909
1250,80.50592184066772,909
1300,83.71297097206116,909
1350,86.88442492485046,909
1400,90.12206673622131,909
1450,93.37417101860046,909
1500,96.54748201370239,909
1550,99.77410197257996,909
1600,102.93543004989624,909
1650,106.15583992004395,909
1700,109.35377669334412,909
1750,112.52154111862183,909
1800,115.70449876785278,909
1850,118.88790488243103,909
1900,122.13705897331238,909
1950,125.3243339061737,909
2000,128.61334586143494,909
2050,131.8180058002472,909
2100,135.06494307518005,909
2150,138.2652850151062,909
2200,141.473534822464,909
2250,144.74347376823425,909
2300,147.98854184150696,909
2350,151.22273993492126,909
2400,154.4087028503418,909
2450,157.60675597190857,909
2500,160.8402726650238,909
2550,164.0465738773346,909
2600,167.31957983970642,909
2650,170.5304398536682,909
2700,173.7887008190155,909
2750,177.0588457584381,909
2800,180.3313488960266,909
2850,183.51486086845398,909
2900,186.70565485954285,909
2950,189.882581949234,909
3000,193.0973298549652,909
3050,196.31569981575012,909
3100,199.54354095458984,909
3150,202.74305081367493,909
3200,205.9662299156189,909
3250,209.1770658493042,909
3300,212.43808794021606,909
3350,215.63630199432373,909
3400,218.8894670009613,909
3450,222.1238477230072,909
3500,225.32560777664185,909
3550,228.56099486351013,909
3600,231.77578473091125,909
3650,234.94995284080505,909
3700,238.1648497581482,909
3750,241.36961674690247,909
3800,244.6008050441742,909
3850,247.82745695114136,909
3900,251.03839302062988,909
3950,254.32009887695312,909
4000,257.5860629081726,909
4050,260.7565839290619,909
4100,264.40869975090027,909
4150,267.62080669403076,909
4200,270.8902130126953,909
4250,274.1022708415985,909
4300,277.34896779060364,909
4350,280.57724475860596,909
4400,283.7523350715637,909
4450,286.9775950908661,909
4500,290.223751783371,909
4550,293.3980209827423,909
4600,296.6343638896942,909
4650,299.86302876472473,909
Timed Out#HG-3SAT-V250-C1000-7.cnf,64,ri,0,b,0.250,0.14850711822509766,891
50,7.1006920337677,906
100,13.872759103775024,906
150,20.611677885055542,906
200,27.37359094619751,906
250,34.22243785858154,906
300,40.95613193511963,906
350,47.75098705291748,906
400,54.53029918670654,906
450,61.321707010269165,906
500,68.07804489135742,906
550,74.85719895362854,906
600,81.62113499641418,906
650,88.34408593177795,906
700,95.15934300422668,906
750,101.98576498031616,906
800,108.68696093559265,906
850,115.43092703819275,906
900,122.30068302154541,907
950,129.08194208145142,907
1000,135.95438480377197,907
1050,142.71002101898193,907
1100,149.52813005447388,907
1150,156.3589460849762,907
1200,163.2179229259491,907
1250,169.96267580986023,907
1300,176.71192812919617,911
1350,183.46172380447388,911
1400,190.22135996818542,911
1450,197.01613306999207,911
1500,203.7393798828125,911
1550,210.52483296394348,911
1600,217.33017015457153,911
1650,224.11058497428894,911
1700,230.84112787246704,911
1750,237.57210397720337,911
1800,244.3351719379425,911
1850,251.12375497817993,911
1900,257.8837659358978,911
1950,264.6110529899597,911
2000,271.3723108768463,911
2050,278.0815689563751,911
2100,284.8032159805298,911
2150,291.489364862442,911
2200,298.1842348575592,911
Timed Out#HG-3SAT-V250-C1000-7.cnf,16,ri,0,rs,0.250,0.035264015197753906,894
50,1.8614022731781006,903
100,3.656688928604126,904
150,5.387099027633667,904
200,7.084302186965942,904
250,8.765789985656738,904
300,10.500336170196533,904
350,12.204817056655884,904
400,13.966437816619873,904
450,15.743355989456177,905
500,17.45162296295166,905
550,19.16592788696289,905
600,20.901806116104126,905
650,22.818371057510376,905
700,24.574427843093872,905
750,26.265830039978027,905
800,27.946845054626465,905
850,29.685224056243896,905
900,31.389137983322144,905
950,33.116077184677124,905
1000,34.826213121414185,906
1050,36.54531717300415,906
1100,38.26845121383667,906
1150,39.97111201286316,906
1200,41.710901975631714,906
1250,43.44615197181702,906
1300,45.151232957839966,906
1350,46.884958028793335,906
1400,48.6003839969635,906
1450,50.28312611579895,906
1500,51.962430000305176,906
1550,53.69513010978699,906
1600,55.428471088409424,906
1650,57.161742210388184,906
1700,58.9094340801239,906
1750,60.61636209487915,906
1800,62.33201503753662,906
1850,64.04825901985168,906
1900,65.7431070804596,906
1950,67.47752904891968,906
2000,69.18556594848633,906
2050,70.88108801841736,906
2100,72.62932395935059,906
2150,74.35294699668884,906
2200,76.05594801902771,906
2250,77.79721093177795,906
2300,79.4998950958252,906
2350,81.18984818458557,906
2400,82.92947721481323,906
2450,84.61970114707947,906
2500,86.29909110069275,906
2550,87.99102687835693,906
2600,89.73728895187378,906
2650,91.42364597320557,906
2700,93.1076979637146,906
2750,94.78643107414246,906
2800,96.499263048172,906
2850,98.21095299720764,906
2900,99.90153503417969,906
2950,101.58203506469727,907
3000,103.31699895858765,907
3050,105.0227358341217,907
3100,106.71119427680969,907
3150,108.44602918624878,907
3200,110.1802408695221,907
3250,111.86502003669739,907
3300,113.55364894866943,907
3350,115.29350924491882,907
3400,117.01230597496033,907
3450,118.7447419166565,907
3500,120.50225520133972,907
3550,122.22411704063416,907
3600,123.91775488853455,907
3650,125.64911484718323,907
3700,127.37449407577515,907
3750,129.07287192344666,908
3800,130.8138198852539,908
3850,132.5162181854248,908
3900,134.2340760231018,908
3950,135.9783911705017,908
4000,137.67955708503723,908
4050,139.379900932312,908
4100,141.0832920074463,908
4150,142.83278393745422,908
4200,144.5381200313568,908
4250,146.23161816596985,908
4300,147.95130491256714,908
4350,149.7051920890808,908
4400,151.4013261795044,908
4450,153.09080600738525,908
4500,154.83306503295898,908
4550,156.5134961605072,908
4600,158.23691606521606,908
4650,159.97360110282898,908
4700,161.7072901725769,908
4750,163.45922207832336,908
4800,165.16433787345886,908
4850,166.89740014076233,908
4900,168.64669609069824,908
4950,170.39458513259888,908
5000,172.13194394111633,908
5050,173.83064198493958,908
5100,175.54509902000427,908
5150,177.26293516159058,908
5200,178.9768500328064,908
5250,180.7242910861969,908
5300,182.45689916610718,908
5350,184.19464087486267,908
5400,185.94773197174072,908
5450,187.64584803581238,908
5500,189.3380742073059,908
5550,191.08516097068787,908
5600,192.78093218803406,908
5650,194.4858582019806,908
5700,196.17943406105042,908
5750,197.87163496017456,908
5800,199.56230998039246,908
5850,201.25770592689514,908
5900,203.00067520141602,908
5950,204.7471821308136,908
6000,206.4935290813446,908
6050,208.26197504997253,908
6100,210.063157081604,912
6150,211.81332302093506,912
6200,213.5341398715973,912
6250,215.23922419548035,912
6300,216.99676609039307,912
6350,218.71460509300232,912
6400,220.44619917869568,912
6450,222.18847799301147,912
6500,223.89525890350342,912
6550,225.6129448413849,912
6600,227.34333205223083,912
6650,229.0824420452118,912
6700,230.87124109268188,912
6750,232.59660506248474,912
6800,234.29076313972473,912
6850,236.00657105445862,912
6900,237.74164509773254,912
6950,239.44571900367737,912
7000,241.1686451435089,912
7050,242.93078804016113,912
7100,244.62913990020752,912
7150,246.3837010860443,912
7200,248.0945680141449,912
7250,249.7864429950714,912
7300,251.48624110221863,912
7350,253.23080706596375,912
7400,254.98687100410461,912
7450,256.68014216423035,912
7500,258.37266993522644,912
7550,260.11851692199707,912
7600,261.81914019584656,912
7650,263.5378911495209,912
7700,265.25054597854614,912
7750,266.9451541900635,912
7800,268.66562700271606,912
7850,270.42315912246704,912
7900,272.1355149745941,912
7950,273.848482131958,912
8000,275.5873532295227,912
8050,277.284147977829,912
8100,279.01999497413635,912
8150,280.72366309165955,912
8200,282.4537558555603,912
8250,284.18707299232483,912
8300,285.893226146698,912
8350,287.6427230834961,912
8400,289.3676280975342,912
8450,291.06843304634094,912
8500,292.8137049674988,912
8550,294.5334520339966,912
8600,296.25542306900024,912
8650,298.0048429965973,912
8700,299.7241179943085,912
Timed Out#HG-3SAT-V250-C1000-7.cnf,30,ri,0,rs,0.250,0.06669330596923828,893
50,3.4117393493652344,907
100,6.645758152008057,907
150,9.777502059936523,907
200,12.909167289733887,907
250,16.11064600944519,907
300,19.307658195495605,907
350,22.528634309768677,907
400,25.754333972930908,907
450,28.89455008506775,909
500,32.07852911949158,909
550,35.330634117126465,909
600,38.48000907897949,909
650,41.68829321861267,909
700,44.88263416290283,909
750,48.05776619911194,909
800,51.275840044021606,909
850,54.47282004356384,909
900,57.71033310890198,909
950,60.89655303955078,909
1000,64.05601620674133,909
1050,67.2638771533966,909
1100,70.46850109100342,909
1150,73.60321736335754,909
1200,76.82411122322083,909
1250,80.11289191246033,909
1300,83.2444360256195,909
1350,86.43172812461853,909
1400,89.60297513008118,909
1450,92.84577894210815,909
1500,95.99434113502502,909
1550,99.19193911552429,909
1600,102.3867552280426,909
1650,105.55095911026001,909
1700,108.75310802459717,911
1750,111.92304801940918,911
1800,115.12997102737427,911
1850,118.35456013679504,911
1900,121.6303870677948,911
1950,124.90030312538147,911
2000,128.1612570285797,911
2050,131.36576628684998,911
2100,134.55615210533142,911
2150,137.78715229034424,911
2200,141.00941705703735,911
2250,144.17671012878418,911
2300,147.3390190601349,911
2350,150.58376812934875,911
2400,153.7457790374756,911
2450,156.99080395698547,911
2500,160.1765661239624,911
2550,163.38923597335815,911
2600,166.59894108772278,911
2650,169.81917119026184,911
2700,173.06404209136963,911
2750,176.29307913780212,911
2800,179.4902970790863,911
2850,182.70276832580566,911
2900,185.91696000099182,911
2950,189.11383295059204,911
3000,192.33699321746826,911
3050,195.57567310333252,911
3100,198.7621829509735,911
3150,201.97719717025757,911
3200,205.18664503097534,911
3250,208.34910321235657,911
3300,211.56836199760437,911
3350,214.80062127113342,911
3400,218.11381912231445,911
3450,221.3623230457306,911
3500,224.57668900489807,911
3550,227.8280372619629,911
3600,231.05411624908447,911
3650,234.23040914535522,911
3700,237.47213912010193,911
3750,240.6869990825653,911
3800,243.88078331947327,911
3850,247.11913299560547,911
3900,250.33585691452026,911
3950,253.49718928337097,911
4000,256.6827931404114,911
4050,259.9485330581665,911
4100,263.59358501434326,911
4150,266.78006625175476,911
4200,269.955206155777,911
4250,273.1892030239105,911
4300,276.36554408073425,911
4350,279.6206679344177,911
4400,282.79453325271606,911
4450,286.02901005744934,911
4500,289.2091450691223,911
4550,292.42113995552063,911
4600,295.638258934021,911
4650,298.8112041950226,911
Timed Out#HG-3SAT-V250-C1000-7.cnf,64,ri,0,rs,0.250,0.13924598693847656,893
50,6.985306024551392,904
100,13.728686094284058,904
150,20.46855115890503,904
200,27.26557993888855,904
250,34.07626414299011,904
300,40.74737501144409,904
350,47.50853228569031,904
400,54.221351146698,906
450,60.950324296951294,907
500,67.7030189037323,907
550,74.5104832649231,907
600,81.58150005340576,907
650,88.3524661064148,907
700,95.09660625457764,907
750,101.8447642326355,907
800,108.65291905403137,908
850,115.43068099021912,908
900,122.25151109695435,908
950,129.0793161392212,908
1000,135.85592699050903,908
1050,142.55157613754272,908
1100,149.2793791294098,908
1150,155.93656516075134,908
1200,162.6781449317932,910
1250,169.4412772655487,910
1300,176.13527417182922,910
1350,182.94947910308838,910
1400,189.64162921905518,910
1450,196.3117642402649,910
1500,203.0542492866516,910
1550,209.75229215621948,910
1600,216.43718814849854,910
1650,223.2081642150879,910
1700,229.92477202415466,910
1750,236.66004133224487,910
1800,243.43524503707886,910
1850,250.17153096199036,910
1900,256.88602900505066,910
1950,263.5542571544647,910
2000,270.23698711395264,910
2050,276.9673042297363,910
2100,283.7278718948364,910
2150,290.4465141296387,910
2200,297.16052412986755,910
Timed Out#HG-3SAT-V250-C1000-7.cnf,16,ri,0,er,0.250,0.04087400436401367,892
50,1.7924761772155762,903
100,3.52433705329895,903
150,5.212831020355225,903
200,6.875253915786743,905
250,8.544187068939209,905
300,10.24697995185852,905
350,11.911997079849243,905
400,13.583667993545532,905
450,15.270384073257446,905
500,16.97071599960327,906
550,18.628061056137085,906
600,20.285712003707886,906
650,21.99197006225586,906
700,23.706866979599,906
750,25.403987884521484,906
800,27.07056188583374,906
850,28.743018865585327,906
900,30.43874979019165,906
950,32.1446750164032,906
1000,33.859776973724365,906
1050,35.58981013298035,906
1100,37.25110101699829,906
1150,38.94141697883606,906
1200,40.642756938934326,906
1250,42.30682110786438,906
1300,44.00197076797485,906
1350,45.74636101722717,906
1400,47.44509196281433,906
1450,49.10361385345459,906
1500,50.76396203041077,906
1550,52.42775011062622,906
1600,54.16611981391907,906
1650,55.84151005744934,906
1700,57.50304102897644,906
1750,59.171523094177246,906
1800,60.828540086746216,906
1850,62.478606939315796,906
1900,64.11027407646179,907
1950,65.7740159034729,907
2000,67.47212314605713,907
2050,69.1317880153656,907
2100,70.79017114639282,907
2150,72.45986604690552,907
2200,74.19478011131287,907
2250,75.8727970123291,907
2300,77.55019092559814,907
2350,79.24938011169434,907
2400,80.92285895347595,907
2450,82.59356594085693,907
2500,84.31014609336853,907
2550,85.98773503303528,907
2600,87.64979600906372,907
2650,89.35986804962158,907
2700,91.02025103569031,907
2750,92.68425583839417,907
2800,94.33816695213318,907
2850,96.00647807121277,907
2900,97.71455001831055,907
2950,99.38670301437378,907
3000,101.04672813415527,907
3050,102.70612287521362,907
3100,104.40436387062073,907
3150,106.08966708183289,907
3200,107.81698703765869,907
3250,109.48844885826111,907
3300,111.16095304489136,907
3350,112.86801290512085,907
3400,114.54837489128113,907
3450,116.21890997886658,907
3500,117.92260098457336,907
3550,119.65547895431519,907
3600,121.33071780204773,907
3650,123.00408792495728,907
3700,124.71802401542664,907
3750,126.39842700958252,907
3800,128.0696280002594,907
3850,129.7412190437317,907
3900,131.45234298706055,907
3950,133.14220786094666,907
4000,134.8628420829773,907
4050,136.55451202392578,907
4100,138.27587389945984,907
4150,139.94965386390686,907
4200,141.65412497520447,907
4250,143.36543607711792,907
4300,145.0389859676361,907
4350,146.71496891975403,907
4400,148.39544796943665,907
4450,150.11090993881226,907
4500,151.79628205299377,907
4550,153.4686861038208,912
4600,155.14503693580627,912
4650,156.84939098358154,912
4700,158.56167221069336,912
4750,160.25823092460632,912
4800,161.9855751991272,912
4850,163.71828079223633,912
4900,165.38998103141785,912
4950,167.09406685829163,912
5000,168.82147693634033,912
5050,170.54581713676453,912
5100,172.22689986228943,912
5150,173.89874815940857,912
5200,175.5864291191101,912
5250,177.28778791427612,912
5300,178.96929001808167,912
5350,180.64352893829346,912
5400,182.3700258731842,912
5450,184.04557299613953,912
5500,185.72361588478088,912
5550,187.4187638759613,912
5600,189.11961317062378,912
5650,190.7893888950348,912
5700,192.4843819141388,912
5750,194.20657801628113,912
5800,195.87740993499756,912
5850,197.56797313690186,912
5900,199.27389097213745,912
5950,200.95038414001465,912
6000,202.66666197776794,912
6050,204.3372130393982,912
6100,206.01583409309387,912
6150,207.69066786766052,912
6200,209.38410115242004,912
6250,211.10253882408142,912
6300,212.7746081352234,912
6350,214.4651210308075,912
6400,216.1647961139679,912
6450,217.83627009391785,912
6500,219.57176113128662,912
6550,221.26005005836487,912
6600,222.9666211605072,912
6650,224.6467409133911,912
6700,226.37945008277893,912
6750,228.04520297050476,912
6800,229.6932020187378,912
6850,231.36133909225464,912
6900,233.0309979915619,912
6950,234.69932007789612,912
7000,236.37213516235352,912
7050,238.0702929496765,912
7100,239.84896206855774,912
7150,241.52458000183105,912
7200,243.19495487213135,912
7250,244.92166805267334,912
7300,246.61782908439636,912
7350,248.29158902168274,912
7400,249.99579405784607,912
7450,251.70298790931702,912
7500,253.38458108901978,912
7550,255.0562400817871,912
7600,256.7743399143219,912
7650,258.4643759727478,912
7700,260.1384689807892,912
7750,261.8132688999176,912
7800,263.50028109550476,912
7850,265.20750617980957,912
7900,266.8809859752655,912
7950,268.56565284729004,912
8000,270.2208878993988,912
8050,271.85983777046204,912
8100,273.5335099697113,912
8150,275.2601671218872,912
8200,276.93270802497864,912
8250,278.5778532028198,912
8300,280.374636888504,912
8350,282.0981979370117,912
8400,283.79528284072876,912
8450,285.4716987609863,912
8500,287.15152883529663,912
8550,288.93372797966003,912
8600,290.6053240299225,912
8650,292.28409790992737,912
8700,294.009015083313,912
8750,295.68831396102905,912
8800,297.3562259674072,912
8850,299.03828501701355,912
Timed Out#HG-3SAT-V250-C1000-7.cnf,30,ri,0,er,0.250,0.06825613975524902,885
50,3.400827169418335,901
100,6.561560153961182,903
150,9.746279239654541,903
200,12.987856149673462,903
250,16.124062299728394,904
300,19.25621008872986,906
350,22.42907428741455,906
400,25.611999988555908,906
450,28.74272608757019,906
500,31.91333293914795,906
550,35.1223521232605,906
600,38.292991161346436,906
650,41.455483198165894,906
700,44.67416715621948,906
750,47.80435609817505,906
800,50.98586320877075,907
850,54.151305198669434,907
900,57.30334830284119,907
950,60.436959981918335,907
1000,63.58795690536499,907
1050,66.75626111030579,907
1100,69.88110995292664,907
1150,73.02168321609497,907
1200,76.19146609306335,908
1250,79.36513829231262,908
1300,82.51433515548706,908
1350,85.68584418296814,908
1400,88.82730102539062,908
1450,92.01166820526123,908
1500,95.18304014205933,908
1550,98.38494825363159,908
1600,101.5225121974945,908
1650,104.66164231300354,908
1700,107.84386420249939,908
1750,111.0160391330719,908
1800,114.20515704154968,908
1850,117.36381912231445,908
1900,120.56525421142578,908
1950,123.7151882648468,908
2000,126.86951804161072,908
2050,130.02292132377625,908
2100,133.20941305160522,908
2150,136.35699033737183,908
2200,139.50852513313293,908
2250,142.66692924499512,908
2300,145.8560230731964,908
2350,149.048602104187,908
2400,152.2031171321869,908
2450,155.3984501361847,908
2500,158.57032799720764,908
2550,161.74035501480103,908
2600,164.90584230422974,908
2650,168.11096024513245,908
2700,171.230140209198,908
2750,174.37704706192017,908
2800,177.5700101852417,908
2850,180.76406717300415,908
2900,183.91399812698364,908
2950,187.0725622177124,908
3000,190.2668972015381,908
3050,193.4470660686493,908
3100,196.63979697227478,908
3150,199.7915210723877,910
3200,202.96195912361145,910
3250,206.1312301158905,910
3300,209.29339003562927,910
3350,212.44565606117249,910
3400,215.59849309921265,910
3450,218.8081772327423,910
3500,221.97466802597046,910
3550,225.18164706230164,910
3600,228.3810260295868,910
3650,231.54719924926758,910
3700,234.73960900306702,910
3750,237.87137818336487,910
3800,241.05726099014282,910
3850,244.20328211784363,910
3900,247.3639690876007,910
3950,250.5605752468109,910
4000,253.72965502738953,911
4050,256.8832869529724,911
4100,260.02961826324463,911
4150,263.18825221061707,911
4200,266.37616991996765,911
4250,269.57533621788025,911
4300,272.7436771392822,911
4350,275.89667296409607,911
4400,279.07880425453186,911
4450,282.2747480869293,911
4500,285.5043959617615,911
4550,288.68021512031555,911
4600,291.78920698165894,911
4650,294.9441180229187,911
4700,298.1646912097931,911
Timed Out#HG-3SAT-V250-C1000-7.cnf,64,ri,0,er,0.250,0.13083314895629883,897
50,7.057945966720581,903
100,13.914481163024902,903
150,20.722445964813232,906
200,27.53880000114441,906
250,34.405025005340576,906
300,41.13000702857971,906
350,47.952134132385254,906
400,54.84455394744873,906
450,61.59859800338745,906
500,68.40886497497559,909
550,75.21510696411133,911
600,82.03255200386047,911
650,88.79060912132263,911
700,95.60327696800232,911
750,102.46762013435364,911
800,109.30650115013123,911
850,116.27046394348145,911
900,123.10283613204956,911
950,129.92517805099487,911
1000,136.77945804595947,911
1050,143.7499279975891,911
1100,150.51948714256287,911
1150,157.31860494613647,911
1200,164.12813997268677,911
1250,170.9603910446167,911
1300,177.86367106437683,911
1350,184.7410762310028,911
1400,191.51455402374268,911
1450,198.3288450241089,911
1500,205.19069409370422,911
1550,211.9837942123413,911
1600,218.79521298408508,911
1650,225.63363695144653,911
1700,232.44306707382202,911
1750,239.2612760066986,911
1800,246.04183101654053,911
1850,252.8563780784607,911
1900,259.59607696533203,911
1950,266.40362095832825,911
2000,273.2090709209442,911
2050,280.012197971344,911
2100,286.782399892807,911
2150,293.60907101631165,911
Timed Out#HG-3SAT-V250-C1000-7.cnf,16,ri,0,r,0.250,0.0363309383392334,892
50,1.7357769012451172,899
100,3.464369773864746,899
150,5.1418297290802,901
200,6.792970895767212,901
250,8.44433307647705,901
300,10.099194765090942,906
350,11.748457908630371,906
400,13.408843994140625,906
450,15.060965776443481,906
500,16.715996742248535,906
550,18.411216735839844,906
600,20.065369844436646,906
650,21.751450777053833,906
700,23.447613954544067,906
750,25.104397773742676,906
800,26.72647762298584,906
850,28.390516996383667,906
900,30.077996015548706,906
950,31.734915733337402,906
1000,33.40397381782532,906
1050,35.06093692779541,906
1100,36.710097789764404,906
1150,38.41612696647644,906
1200,40.08778691291809,906
1250,41.74139070510864,906
1300,43.40344977378845,906
1350,45.054969787597656,906
1400,46.705317735672,906
1450,48.40064191818237,906
1500,50.07001805305481,906
1550,51.720152854919434,906
1600,53.386096715927124,906
1650,55.05854368209839,906
1700,56.707783937454224,906
1750,58.368409872055054,906
1800,60.06194877624512,906
1850,61.71004676818848,906
1900,63.35923790931702,906
1950,65.06061387062073,906
2000,66.75138568878174,906
2050,68.39559292793274,906
2100,70.04594993591309,906
2150,71.69530892372131,906
2200,73.36931777000427,906
2250,75.07390689849854,906
2300,76.73196578025818,906
2350,78.38236165046692,906
2400,80.04093170166016,906
2450,81.6965229511261,906
2500,83.34561371803284,906
2550,84.9987120628357,906
2600,86.6548478603363,906
2650,88.34951686859131,906
2700,90.00142693519592,906
2750,91.64963507652283,906
2800,93.25769186019897,906
2850,94.90750694274902,906
2900,96.60368371009827,906
2950,98.25590395927429,906
3000,99.92090892791748,906
3050,101.56969380378723,906
3100,103.23203563690186,906
3150,104.8850429058075,906
3200,106.5413658618927,906
3250,108.230477809906,906
3300,109.87966895103455,906
3350,111.53179287910461,906
3400,113.17950201034546,906
3450,114.83585000038147,906
3500,116.49571299552917,906
3550,118.209303855896,906
3600,119.85979080200195,906
3650,121.51051783561707,906
3700,123.1621298789978,906
3750,124.85327792167664,906
3800,126.53464388847351,906
3850,128.18690991401672,906
3900,129.84010887145996,906
3950,131.46906065940857,906
4000,133.11514377593994,906
4050,134.76893782615662,906
4100,136.41919898986816,906
4150,138.0689399242401,906
4200,139.7231800556183,906
4250,141.37725281715393,906
4300,143.02865886688232,906
4350,144.68220591545105,906
4400,146.38197588920593,906
4450,148.07004690170288,906
4500,149.73919796943665,906
4550,151.39150166511536,906
4600,153.03681087493896,906
4650,154.6885130405426,906
4700,156.33963894844055,906
4750,158.00546979904175,906
4800,159.69949984550476,906
4850,161.35029077529907,906
4900,163.01442193984985,906
4950,164.6727077960968,906
5000,166.32189273834229,906
5050,167.9724268913269,906
5100,169.6507329940796,906
5150,171.32903289794922,906
5200,172.9802680015564,906
5250,174.6090350151062,906
5300,176.25346875190735,906
5350,177.96579098701477,906
5400,179.61639499664307,906
5450,181.2640676498413,906
5500,182.8933937549591,906
5550,184.588054895401,906
5600,186.34508681297302,906
5650,188.02909898757935,906
5700,189.68733096122742,906
5750,191.3347988128662,906
5800,193.02567195892334,906
5850,194.69543194770813,906
5900,196.34120273590088,906
5950,198.01163005828857,906
6000,199.7091178894043,911
6050,201.36052680015564,911
6100,203.01345777511597,911
6150,204.66668486595154,911
6200,206.3151068687439,911
6250,207.98214769363403,911
6300,209.63515186309814,911
6350,211.2892017364502,911
6400,212.95319867134094,911
6450,214.64661979675293,911
6500,216.29772901535034,911
6550,217.94925379753113,911
6600,219.6052327156067,911
6650,221.24601078033447,911
6700,222.94241976737976,911
6750,224.62232398986816,911
6800,226.28170585632324,911
6850,227.94182181358337,911
6900,229.6049768924713,911
6950,231.29681587219238,911
7000,232.96094679832458,911
7050,234.62472987174988,911
7100,236.2723777294159,911
7150,237.95315098762512,911
7200,239.65615105628967,911
7250,241.31273293495178,911
7300,242.96997666358948,911
7350,244.63276171684265,911
7400,246.33686780929565,911
7450,248.06606793403625,911
7500,249.74225687980652,911
7550,251.39905381202698,911
7600,253.07212281227112,911
7650,254.7418088912964,911
7700,256.4076159000397,911
7750,258.06912207603455,911
7800,259.76022481918335,911
7850,261.4251320362091,911
7900,263.14967584609985,911
7950,264.81719279289246,911
8000,266.48095202445984,911
8050,268.1545557975769,911
8100,269.8137309551239,911
8150,271.47249579429626,911
8200,273.1352918148041,911
8250,274.8041169643402,911
8300,276.4614598751068,911
8350,278.12115573883057,911
8400,279.80433678627014,911
8450,281.466197013855,911
8500,283.13786697387695,911
8550,284.80042695999146,911
8600,286.4568078517914,911
8650,288.1670858860016,911
8700,289.8826377391815,911
8750,291.56972575187683,911
8800,293.23060393333435,911
8850,294.9436547756195,911
8900,296.6033730506897,911
8950,298.27488374710083,911
9000,299.9355089664459,911
Timed Out#HG-3SAT-V250-C1000-7.cnf,30,ri,0,r,0.250,0.0634911060333252,892
50,3.3281702995300293,899
100,6.427144289016724,900
150,9.472501993179321,901
200,12.621607303619385,901
250,15.674422979354858,902
300,18.8272602558136,902
350,21.972520112991333,904
400,25.122997045516968,904
450,28.269227981567383,904
500,31.342509031295776,904
550,34.53019309043884,904
600,37.61330723762512,904
650,40.715924978256226,904
700,43.84625315666199,904
750,46.9446702003479,904
800,50.03022217750549,904
850,53.1530339717865,904
900,56.247204065322876,904
950,59.441084146499634,904
1000,62.49535918235779,904
1050,65.65159606933594,904
1100,68.72996115684509,904
1150,71.81358814239502,904
1200,74.97217106819153,904
1250,78.07598519325256,904
1300,81.16159915924072,904
1350,84.24552416801453,904
1400,87.37979221343994,908
1450,90.45771217346191,908
1500,93.5395040512085,908
1550,96.62951612472534,908
1600,99.72703218460083,908
1650,102.89147806167603,908
1700,105.95310616493225,908
1750,109.06254005432129,908
1800,112.16887903213501,908
1850,115.25379920005798,908
1900,118.34875226020813,908
1950,121.4320330619812,908
2000,124.53067898750305,908
2050,127.65720701217651,908
2100,130.74169611930847,908
2150,133.8902370929718,908
2200,136.94873523712158,908
2250,140.03656601905823,908
2300,143.22065925598145,908
2350,146.30913925170898,908
2400,149.4385552406311,908
2450,152.5432093143463,908
2500,155.6378002166748,908
2550,158.68741011619568,908
2600,161.85196805000305,908
2650,165.013010263443,908
2700,168.16155314445496,908
2750,171.25428915023804,908
2800,174.38677215576172,908
2850,177.50307703018188,908
2900,180.63851523399353,908
2950,183.74128818511963,908
3000,186.89512014389038,908
3050,190.00273823738098,908
3100,193.1371409893036,908
3150,196.22611021995544,908
3200,199.30697417259216,908
3250,202.42690300941467,908
3300,205.51080322265625,908
3350,208.6470992565155,908
3400,211.7440083026886,908
3450,214.85322618484497,908
3500,217.9765911102295,908
3550,221.09714818000793,908
3600,224.2217710018158,908
3650,227.33027601242065,908
3700,230.47904920578003,908
3750,233.583270072937,908
3800,236.72383522987366,908
3850,239.83485507965088,908
3900,242.8898642063141,908
3950,246.0270812511444,908
4000,249.1616771221161,908
4050,252.28637099266052,908
4100,255.40829420089722,908
4150,258.51268219947815,908
4200,261.61851620674133,908
4250,264.668319940567,908
4300,267.80907225608826,908
4350,270.9264192581177,908
4400,274.03393626213074,908
4450,277.1013181209564,908
4500,280.2716312408447,908
4550,283.4431631565094,908
4600,286.60505533218384,908
4650,289.65493392944336,908
4700,292.7575993537903,908
4750,295.9086482524872,908
4800,299.04942202568054,908
Timed Out#HG-3SAT-V250-C1000-7.cnf,64,ri,0,r,0.250,0.14222002029418945,893
50,6.917168855667114,899
100,13.589516162872314,900
150,20.226147890090942,904
200,26.968417167663574,904
250,33.67484498023987,904
300,40.296786069869995,904
350,46.95982384681702,906
400,53.61426782608032,906
450,60.28519296646118,906
500,66.94508910179138,906
550,73.59608507156372,906
600,80.22784376144409,906
650,86.90276503562927,908
700,93.49026107788086,908
750,100.1868109703064,908
800,106.81120896339417,908
850,113.47509002685547,908
900,120.11000990867615,908
950,126.7338719367981,908
1000,133.4322271347046,908
1050,140.09992098808289,908
1100,146.74718499183655,908
1150,153.35107803344727,908
1200,160.1074812412262,908
1250,166.77757906913757,908
1300,173.3478558063507,908
1350,180.07660007476807,908
1400,186.74681401252747,908
1450,193.39901494979858,908
1500,200.05439591407776,908
1550,206.6747908592224,908
1600,213.34076690673828,908
1650,219.93674302101135,908
1700,226.64416098594666,908
1750,233.38445496559143,908
1800,240.06962895393372,908
1850,246.79940009117126,908
1900,253.58776807785034,908
1950,260.2509329319,908
2000,266.96081590652466,908
2050,273.6698911190033,908
2100,280.3983619213104,908
2150,287.06900000572205,908
2200,293.7315180301666,908
Timed Out#HG-3SAT-V250-C1000-7.cnf,16,ri,0,b,0.010,0.03445601463317871,893
50,1.9253060817718506,893
100,3.6434690952301025,893
150,5.264804124832153,894
200,6.901448011398315,896
250,8.53553819656372,896
300,10.170469045639038,896
350,11.866935968399048,896
400,13.559818983078003,896
450,15.24982500076294,896
500,16.89116096496582,896
550,18.526602029800415,896
600,20.168145179748535,896
650,21.819485187530518,896
700,23.50632119178772,896
750,25.16141414642334,896
800,26.853275060653687,896
850,28.505149841308594,896
900,30.14211392402649,896
950,31.773108959197998,896
1000,33.45276689529419,896
1050,35.12424898147583,896
1100,36.760018825531006,896
1150,38.39480686187744,896
1200,40.0425078868866,896
1250,41.705397844314575,896
1300,43.38983201980591,896
1350,45.02263593673706,896
1400,46.63999605178833,896
1450,48.25637078285217,896
1500,49.891817808151245,896
1550,51.52906012535095,896
1600,53.23011088371277,896
1650,54.921151876449585,896
1700,56.56282687187195,896
1750,58.21084690093994,896
1800,59.84530997276306,896
1850,61.48071503639221,896
1900,63.11868906021118,896
1950,64.76822900772095,896
2000,66.40815997123718,896
2050,68.08050084114075,896
2100,69.71882891654968,896
2150,71.35438895225525,896
2200,73.00160813331604,896
2250,74.68074488639832,896
2300,76.36840295791626,896
2350,78.01232290267944,896
2400,79.68882703781128,896
2450,81.32446789741516,896
2500,82.9598000049591,896
2550,84.59304809570312,896
2600,86.2269401550293,896
2650,87.91729092597961,896
2700,89.58017992973328,896
2750,91.224928855896,896
2800,92.91199398040771,896
2850,94.51442909240723,896
2900,96.14994192123413,898
2950,97.78153204917908,898
3000,99.46615695953369,898
3050,101.10374999046326,898
3100,102.75701093673706,898
3150,104.3926100730896,898
3200,106.05090403556824,898
3250,107.73592591285706,898
3300,109.37423300743103,898
3350,111.00777006149292,898
3400,112.69188904762268,898
3450,114.33096599578857,898
3500,116.00889706611633,898
3550,117.65468502044678,898
3600,119.29657483100891,898
3650,120.96804809570312,898
3700,122.60527992248535,898
3750,124.25169396400452,898
3800,125.90120482444763,898
3850,127.57448601722717,898
3900,129.2232050895691,898
3950,130.8654329776764,898
4000,132.5308120250702,898
4050,134.1823329925537,898
4100,135.82913613319397,898
4150,137.4423840045929,898
4200,139.075541973114,898
4250,140.74473214149475,898
4300,142.43079710006714,898
4350,144.07002115249634,898
4400,145.73006105422974,898
4450,147.49114108085632,898
4500,149.19864797592163,898
4550,150.88680791854858,898
4600,152.53359603881836,898
4650,154.18492197990417,898
4700,155.87770891189575,898
4750,157.51202917099,898
4800,159.18457794189453,898
4850,160.84877610206604,898
4900,162.5075991153717,898
4950,164.16103601455688,898
5000,165.84629702568054,898
5050,167.51775598526,898
5100,169.20315313339233,898
5150,170.84531092643738,898
5200,172.4922878742218,898
5250,174.1869411468506,898
5300,175.83937811851501,898
5350,177.52411198616028,898
5400,179.18330097198486,898
5450,180.8268940448761,898
5500,182.46998691558838,898
5550,184.13847017288208,898
5600,185.8049030303955,898
5650,187.49004793167114,898
5700,189.09557795524597,898
5750,190.75443196296692,898
5800,192.4634280204773,898
5850,194.11102986335754,898
5900,195.7563271522522,898
5950,197.40659713745117,898
6000,199.2975368499756,898
6050,201.06045198440552,898
6100,202.71720004081726,898
6150,204.36526799201965,898
6200,206.02100610733032,898
6250,207.7315549850464,898
6300,209.50649905204773,898
6350,211.19627785682678,898
6400,212.8439610004425,898
6450,214.53709316253662,898
6500,216.19529581069946,898
6550,217.83892607688904,898
6600,219.55459594726562,898
6650,221.20628809928894,898
6700,222.9075059890747,900
6750,224.58392906188965,900
6800,226.24771285057068,900
6850,227.9478099346161,900
6900,229.60442113876343,900
6950,231.27023792266846,900
7000,232.93912291526794,900
7050,234.58565020561218,900
7100,236.27540183067322,900
7150,237.96794891357422,900
7200,239.6189169883728,900
7250,241.26515197753906,900
7300,242.9093098640442,900
7350,244.59833598136902,900
7400,246.25242590904236,900
7450,247.89469194412231,900
7500,249.55757904052734,900
7550,251.25944805145264,900
7600,252.93271589279175,900
7650,254.57762813568115,900
7700,256.21800994873047,900
7750,257.840961933136,900
7800,259.84359788894653,900
7850,261.54802989959717,900
7900,263.1635251045227,900
7950,264.80732893943787,900
8000,266.4528181552887,900
8050,268.1090450286865,900
8100,269.7734980583191,900
8150,271.44001293182373,900
8200,273.08054399490356,900
8250,274.7328932285309,900
8300,276.3790330886841,900
8350,278.02216696739197,900
8400,279.70053911209106,900
8450,281.39803314208984,900
8500,283.0834789276123,900
8550,284.73777985572815,900
8600,286.38565707206726,900
8650,288.03214502334595,900
8700,289.7191860675812,900
8750,291.3642590045929,900
8800,293.0110139846802,900
8850,294.66201305389404,900
8900,296.31004214286804,900
8950,297.96407175064087,900
9000,299.63453793525696,900
Timed Out#HG-3SAT-V250-C1000-7.cnf,30,ri,0,b,0.010,0.06486821174621582,895
50,3.379256010055542,895
100,6.516139984130859,895
150,9.626360177993774,895
200,12.793895244598389,895
250,15.905465126037598,895
300,19.05327320098877,895
350,22.18847918510437,895
400,25.386536121368408,895
450,28.506960153579712,895
500,31.624418020248413,895
550,34.8223443031311,895
600,37.92683005332947,895
650,41.08534216880798,895
700,44.22361898422241,895
750,47.36010122299194,895
800,50.47188401222229,895
850,53.591188192367554,895
900,56.77786707878113,895
950,59.93352913856506,895
1000,63.08825206756592,895
1050,66.20598316192627,895
1100,69.31521916389465,895
1150,72.4883680343628,895
1200,75.59663319587708,895
1250,78.74894404411316,895
1300,81.90780210494995,895
1350,85.01407933235168,895
1400,88.18078827857971,895
1450,91.33924293518066,895
1500,94.50683999061584,895
1550,97.66682624816895,895
1600,100.80270719528198,895
1650,103.98813199996948,895
1700,107.0893759727478,895
1750,110.21932792663574,895
1800,113.36166906356812,895
1850,116.5174081325531,895
1900,119.62929201126099,895
1950,122.78122901916504,895
2000,125.91178798675537,895
2050,129.0199420452118,898
2100,132.16574716567993,898
2150,135.31351804733276,898
2200,138.41839003562927,898
2250,141.60914015769958,898
2300,144.73413515090942,898
2350,147.86931920051575,898
2400,151.02900409698486,898
2450,154.14334893226624,898
2500,157.28573727607727,898
2550,160.36397218704224,898
2600,163.56154012680054,898
2650,166.69781923294067,898
2700,169.82086610794067,898
2750,172.9521791934967,898
2800,176.07765412330627,898
2850,179.21917414665222,898
2900,182.33953523635864,898
2950,185.5106270313263,898
3000,188.64131116867065,898
3050,191.7760922908783,898
3100,194.89731121063232,898
3150,198.0187692642212,898
3200,201.15025305747986,898
3250,204.29662203788757,898
3300,207.46581411361694,898
3350,210.5954520702362,898
3400,213.7754991054535,898
3450,216.90124320983887,898
3500,220.07856011390686,899
3550,223.21915316581726,899
3600,226.3592312335968,899
3650,229.4754762649536,899
3700,232.64351415634155,899
3750,235.78516507148743,899
3800,238.96967124938965,899
3850,242.09382319450378,899
3900,245.23331212997437,899
3950,248.400710105896,899
4000,251.49341106414795,899
4050,254.65973019599915,899
4100,257.79910612106323,899
4150,260.93502616882324,899
4200,264.01005506515503,899
4250,267.15039110183716,899
4300,270.3270483016968,899
4350,273.4587471485138,899
4400,276.58948802948,899
4450,279.6823971271515,899
4500,282.83172512054443,899
4550,285.9969711303711,899
4600,289.17661714553833,899
4650,292.3004672527313,899
4700,295.42661213874817,899
4750,298.5702042579651,899
Timed Out#HG-3SAT-V250-C1000-7.cnf,64,ri,0,b,0.010,0.14480090141296387,902
50,6.870639085769653,902
100,13.58889889717102,902
150,20.211491107940674,902
200,26.827917098999023,902
250,33.52565383911133,902
300,40.12872076034546,902
350,46.777019739151,902
400,53.39947009086609,902
450,60.01999592781067,902
500,66.69369697570801,902
550,73.33716201782227,902
600,79.93878507614136,902
650,86.47894501686096,902
700,93.07357478141785,902
750,99.70999693870544,902
800,106.2958357334137,902
850,112.86833190917969,902
900,119.50634598731995,902
950,126.30934190750122,902
1000,132.9852159023285,902
1050,139.65325903892517,902
1100,146.2039008140564,902
1150,152.85172200202942,902
1200,159.44852995872498,902
1250,166.0471580028534,902
1300,172.68271899223328,902
1350,179.289874792099,902
1400,185.88452100753784,902
1450,192.53394985198975,902
1500,199.14386987686157,902
1550,205.7443470954895,902
1600,212.38794803619385,902
1650,219.00294494628906,902
1700,225.61764883995056,902
1750,232.2162799835205,902
1800,238.8167359828949,902
1850,245.4084768295288,902
1900,252.04532504081726,902
1950,258.62136912345886,902
2000,265.16652274131775,902
2050,271.79749608039856,902
2100,278.43147897720337,902
2150,285.0368068218231,902
2200,291.65169191360474,902
2250,298.25292587280273,902
Timed Out#HG-3SAT-V250-C1000-7.cnf,16,ri,0,b,0.10,0.03346991539001465,894
50,1.7626690864562988,898
100,3.5219829082489014,901
150,5.187107086181641,904
200,6.836346864700317,904
250,8.440932750701904,904
300,10.09162712097168,904
350,11.777853965759277,904
400,13.451543092727661,904
450,15.100800037384033,904
500,16.750921964645386,904
550,18.43949604034424,904
600,20.145071029663086,904
650,21.80941390991211,904
700,23.50862216949463,904
750,25.179033994674683,904
800,26.84543490409851,904
850,28.463791131973267,904
900,30.110820770263672,904
950,31.801138877868652,904
1000,33.51911807060242,904
1050,35.17868185043335,904
1100,36.82726287841797,904
1150,38.511497020721436,904
1200,40.20984196662903,904
1250,41.87028408050537,904
1300,43.517240047454834,904
1350,45.20039916038513,904
1400,46.84809589385986,904
1450,48.495157957077026,904
1500,50.14182710647583,904
1550,51.78750395774841,904
1600,53.42243504524231,904
1650,55.02122402191162,904
1700,56.69930076599121,904
1750,58.378467082977295,904
1800,60.024569034576416,904
1850,61.65580892562866,904
1900,63.28301000595093,904
1950,64.93263697624207,904
2000,66.61640286445618,904
2050,68.27056097984314,904
2100,69.91779899597168,904
2150,71.57810306549072,904
2200,73.22307515144348,904
2250,74.88387513160706,904
2300,76.54260516166687,904
2350,78.20979619026184,904
2400,79.87225389480591,904
2450,81.51906204223633,904
2500,83.169753074646,904
2550,84.81701493263245,904
2600,86.44455194473267,904
2650,88.09682893753052,904
2700,89.745845079422,904
2750,91.43955612182617,904
2800,93.09439396858215,904
2850,94.7385721206665,904
2900,96.34016418457031,904
2950,97.99140095710754,904
3000,99.63997483253479,904
3050,101.339026927948,904
3100,103.00839185714722,904
3150,104.63015079498291,904
3200,106.27337694168091,904
3250,107.9349901676178,904
3300,109.62005400657654,904
3350,111.26606321334839,904
3400,112.9155158996582,904
3450,114.56748485565186,904
3500,116.25301194190979,904
3550,117.90194511413574,904
3600,119.54928398132324,904
3650,121.20026397705078,904
3700,122.84411382675171,904
3750,124.50693392753601,904
3800,126.12621283531189,904
3850,127.78048992156982,907
3900,129.4432771205902,907
3950,131.10965609550476,907
4000,132.77791476249695,907
4050,134.4370801448822,907
4100,136.09713578224182,907
4150,137.7573869228363,907
4200,139.41751909255981,907
4250,141.07302808761597,907
4300,142.71533393859863,907
4350,144.37495493888855,907
4400,146.04634189605713,907
4450,147.76592993736267,907
4500,149.4046459197998,907
4550,151.07984685897827,907
4600,152.77937412261963,907
4650,154.40806818008423,907
4700,156.06765007972717,907
4750,157.77294206619263,907
4800,159.45016288757324,907
4850,161.07136583328247,907
4900,162.7484209537506,907
4950,164.45339393615723,907
5000,166.11303186416626,907
5050,167.76998496055603,907
5100,169.42632293701172,907
5150,171.08790707588196,907
5200,172.74445104599,907
5250,174.40411281585693,907
5300,176.03207993507385,907
5350,177.8153920173645,907
5400,179.507169008255,907
5450,181.16730284690857,907
5500,182.82582807540894,907
5550,184.4905469417572,907
5600,186.15089893341064,907
5650,187.8136899471283,907
5700,189.43067908287048,907
5750,191.10187292099,907
5800,192.8037497997284,907
5850,194.46288204193115,907
5900,196.12110590934753,907
5950,197.78541684150696,907
6000,199.44822597503662,907
6050,201.10799407958984,907
6100,202.7683880329132,907
6150,204.42609405517578,907
6200,206.08578991889954,907
6250,207.7612578868866,907
6300,209.4521768093109,907
6350,211.1150300502777,907
6400,212.77897906303406,907
6450,214.44503092765808,907
6500,216.10573601722717,907
6550,217.76840710639954,907
6600,219.4689359664917,907
6650,221.13448190689087,907
6700,222.80049991607666,907
6750,224.43769097328186,907
6800,226.09547591209412,907
6850,227.79836583137512,911
6900,229.4584059715271,911
6950,231.11693215370178,911
7000,232.7958128452301,911
7050,234.50873804092407,911
7100,236.19957494735718,911
7150,237.862450838089,911
7200,239.52148509025574,911
7250,241.18397116661072,911
7300,242.84341406822205,911
7350,244.5071849822998,911
7400,246.19907784461975,911
7450,247.90199184417725,911
7500,249.56210207939148,911
7550,251.2371380329132,911
7600,252.89859294891357,911
7650,254.58687210083008,911
7700,256.2699599266052,911
7750,257.9316427707672,911
7800,259.5946979522705,911
7850,261.29887199401855,911
7900,262.9601311683655,911
7950,264.5984899997711,911
8000,266.25872111320496,911
8050,267.9589800834656,911
8100,269.62018299102783,911
8150,271.2614939212799,911
8200,272.91917276382446,911
8250,274.6374578475952,911
8300,276.3477749824524,911
8350,278.01303601264954,911
8400,279.67111802101135,911
8450,281.3397800922394,911
8500,282.99954414367676,911
8550,284.6585237979889,911
8600,286.3188338279724,911
8650,287.9785621166229,911
8700,289.649178981781,911
8750,291.3357620239258,911
8800,292.9950850009918,911
8850,294.6537480354309,911
8900,296.3221278190613,911
8950,297.9876410961151,911
9000,299.6430997848511,911
Timed Out#HG-3SAT-V250-C1000-7.cnf,30,ri,0,b,0.10,0.07659292221069336,890
50,3.3670549392700195,902
100,6.525331020355225,902
150,9.624924898147583,902
200,12.789012908935547,902
250,15.906242847442627,904
300,19.010303020477295,904
350,22.146755933761597,904
400,25.31806993484497,905
450,28.429232835769653,905
500,31.530813932418823,905
550,34.72002983093262,905
600,37.82301187515259,905
650,40.9337899684906,905
700,44.1284019947052,905
750,47.23348689079285,905
800,50.33036994934082,911
850,53.482802867889404,911
900,56.5938937664032,911
950,59.69466972351074,911
1000,62.8332679271698,911
1050,65.93099594116211,911
1100,69.09560179710388,911
1150,72.2038950920105,911
1200,75.47896099090576,911
1250,78.538006067276,911
1300,81.63790082931519,911
1350,84.73627972602844,911
1400,87.90560007095337,911
1450,90.973308801651,911
1500,94.07076406478882,911
1550,97.16992783546448,911
1600,100.32470393180847,911
1650,103.44828391075134,911
1700,106.58560585975647,911
1750,109.65504097938538,911
1800,112.79616379737854,911
1850,115.90568780899048,911
1900,119.05341076850891,911
1950,122.11323976516724,911
2000,125.25515604019165,911
2050,128.34631299972534,911
2100,131.48222184181213,911
2150,134.60421204566956,911
2200,137.71928882598877,911
2250,140.83913397789001,911
2300,143.9533519744873,911
2350,147.08059072494507,911
2400,150.2523877620697,911
2450,153.37383604049683,911
2500,156.4930419921875,911
2550,159.60837507247925,911
2600,162.73727107048035,911
2650,165.85477089881897,911
2700,169.00029492378235,911
2750,172.11403584480286,911
2800,175.2466938495636,911
2850,178.3707299232483,911
2900,181.48778295516968,911
2950,184.66005301475525,911
3000,187.78195786476135,911
3050,190.89884495735168,911
3100,194.027911901474,911
3150,197.2692539691925,911
3200,200.38600397109985,911
3250,203.4454538822174,911
3300,206.56738209724426,911
3350,209.6793737411499,911
3400,212.7620689868927,911
3450,215.89306688308716,911
3500,219.0107078552246,911
3550,222.1108968257904,911
3600,225.28654599189758,911
3650,228.40658473968506,911
3700,231.5292580127716,911
3750,234.69348096847534,911
3800,237.85967898368835,911
3850,241.03256487846375,911
3900,244.15475583076477,911
3950,247.28565001487732,911
4000,250.40836787223816,911
4050,253.55145287513733,911
4100,256.6676380634308,911
4150,259.7885639667511,911
4200,262.8643898963928,911
4250,265.9807140827179,911
4300,269.1548888683319,911
4350,272.2745599746704,911
4400,275.4334499835968,911
4450,278.5542857646942,911
4500,281.68416595458984,911
4550,284.79871010780334,911
4600,287.91476678848267,911
4650,291.03178811073303,911
4700,294.1501319408417,911
4750,297.292986869812,911
Timed Out#HG-3SAT-V250-C1000-7.cnf,64,ri,0,b,0.10,0.1450049877166748,897
50,6.874234199523926,907
100,13.466508150100708,907
150,19.991538286209106,907
200,26.65815806388855,907
250,33.307823181152344,907
300,39.99783110618591,907
350,46.55472207069397,907
400,53.16343331336975,907
450,59.812154054641724,907
500,66.39838719367981,907
550,73.05686712265015,907
600,79.65068626403809,907
650,86.26221203804016,907
700,92.8444881439209,907
750,99.42605900764465,907
800,106.00909423828125,907
850,112.5864942073822,907
900,119.20955896377563,907
950,125.94322299957275,907
1000,132.59651517868042,907
1050,139.202073097229,907
1100,145.78796529769897,908
1150,152.41955518722534,908
1200,159.01512908935547,908
1250,165.6033651828766,908
1300,172.1667811870575,908
1350,178.76307916641235,908
1400,185.44858312606812,908
1450,192.09708905220032,908
1500,198.7076210975647,908
1550,205.26144814491272,908
1600,211.90440702438354,908
1650,218.54187512397766,908
1700,225.18644404411316,908
1750,231.90215706825256,908
1800,238.54016423225403,908
1850,245.12395310401917,908
1900,251.70516514778137,908
1950,258.3099091053009,908
2000,264.88159012794495,908
2050,271.4627420902252,908
2100,278.09077405929565,908
2150,284.6289792060852,908
2200,291.2118179798126,908
2250,297.7946951389313,908
Timed Out#HG-3SAT-V250-C1000-7.cnf,16,ri,0,b,0.250,0.03473782539367676,889
50,1.80489182472229,904
100,3.5732228755950928,904
150,5.233317852020264,904
200,6.913765907287598,904
250,8.657168865203857,904
300,10.388097047805786,904
350,12.090337991714478,904
400,13.813683032989502,908
450,15.520596981048584,908
500,17.211226224899292,908
550,18.87442898750305,908
600,20.55898404121399,908
650,22.260120153427124,908
700,24.011748790740967,908
750,25.735903024673462,908
800,27.424767017364502,908
850,29.11972188949585,908
900,30.808413982391357,908
950,32.485995054244995,908
1000,34.25519013404846,908
1050,35.97040104866028,908
1100,37.66401410102844,908
1150,39.3549690246582,908
1200,41.0668568611145,908
1250,42.79469585418701,908
1300,44.48653316497803,908
1350,46.178420066833496,908
1400,47.86420392990112,908
1450,49.55161094665527,908
1500,51.246644020080566,908
1550,52.971503019332886,908
1600,54.66437602043152,908
1650,56.36419892311096,908
1700,58.052746057510376,908
1750,59.783859968185425,908
1800,61.4726128578186,908
1850,63.1311411857605,908
1900,64.83162021636963,908
1950,66.51990985870361,908
2000,68.2079849243164,908
2050,69.88966298103333,908
2100,71.64394092559814,908
2150,73.38114905357361,908
2200,75.08878111839294,908
2250,76.84128308296204,908
2300,78.5449390411377,908
2350,80.18402099609375,908
2400,81.86847114562988,908
2450,83.59190392494202,910
2500,85.29442095756531,910
2550,86.99838590621948,910
2600,88.68564105033875,910
2650,90.37851595878601,910
2700,92.0657000541687,910
2750,93.7644510269165,910
2800,95.45451498031616,910
2850,97.14478802680969,910
2900,98.83522200584412,910
2950,100.52874088287354,910
3000,102.23380303382874,910
3050,103.92863321304321,910
3100,105.62039184570312,910
3150,107.30585098266602,910
3200,108.9938440322876,910
3250,110.68502998352051,910
3300,112.35216403007507,910
3350,114.03831505775452,910
3400,115.75125980377197,910
3450,117.48093700408936,910
3500,119.17134118080139,910
3550,120.85780882835388,910
3600,122.56821084022522,910
3650,124.3109450340271,910
3700,125.99879193305969,910
3750,127.73748397827148,910
3800,129.44975805282593,910
3850,131.16538405418396,910
3900,132.83230805397034,910
3950,134.52577686309814,910
4000,136.22786784172058,910
4050,137.92618489265442,910
4100,139.6298110485077,910
4150,141.33699679374695,910
4200,143.03638291358948,910
4250,144.74052095413208,910
4300,146.45137786865234,910
4350,148.15995597839355,910
4400,149.86060500144958,910
4450,151.56510996818542,910
4500,153.24302911758423,910
4550,154.94606113433838,910
4600,156.64855813980103,910
4650,158.35405206680298,910
4700,160.05383205413818,910
4750,161.80273509025574,910
4800,163.5047070980072,910
4850,165.20705103874207,910
4900,166.90921807289124,910
4950,168.61588191986084,910
5000,170.31796407699585,910
5050,172.0275001525879,910
5100,173.73466897010803,910
5150,175.43640398979187,910
5200,177.18537092208862,910
5250,178.8852620124817,910
5300,180.5914969444275,910
5350,182.29135417938232,910
5400,183.99572777748108,910
5450,185.69853687286377,910
5500,187.41607403755188,910
5550,189.14076805114746,910
5600,190.8546061515808,910
5650,192.518159866333,910
5700,194.2065029144287,910
5750,195.90450406074524,910
5800,197.60777592658997,910
5850,199.36444282531738,910
5900,201.03234791755676,910
5950,202.73408007621765,910
6000,204.43994903564453,910
6050,206.15252709388733,910
6100,207.85372400283813,910
6150,209.55393886566162,910
6200,211.25843501091003,910
6250,212.93676590919495,910
6300,214.6369490623474,910
6350,216.34400010108948,910
6400,218.0615749359131,910
6450,219.7613480091095,910
6500,221.4769949913025,910
6550,223.17955684661865,910
6600,224.8873279094696,910
6650,226.58780598640442,910
6700,228.33187007904053,910
6750,230.0320861339569,910
6800,231.73707389831543,910
6850,233.4435429573059,910
6900,235.11705899238586,910
6950,236.81553196907043,910
7000,238.51511907577515,910
7050,240.21735978126526,910
7100,241.95413088798523,910
7150,243.6568021774292,910
7200,245.32095789909363,910
7250,247.05176186561584,910
7300,248.74632811546326,910
7350,250.42402601242065,910
7400,252.13729214668274,910
7450,253.88418006896973,910
7500,255.64913201332092,910
7550,257.35184693336487,910
7600,259.0553631782532,910
7650,260.76025915145874,910
7700,262.46540212631226,910
7750,264.18266105651855,910
7800,265.902232170105,910
7850,267.6174349784851,910
7900,269.3231780529022,910
7950,271.0267798900604,910
8000,272.7326669692993,910
8050,274.4547379016876,910
8100,276.16834783554077,910
8150,277.8569779396057,910
8200,279.5382480621338,910
8250,281.3214650154114,910
8300,283.0605330467224,910
8350,284.76642417907715,910
8400,286.4326059818268,910
8450,288.12548208236694,910
8500,289.8246500492096,910
8550,291.5246741771698,910
8600,293.27452206611633,910
8650,294.9891769886017,910
8700,296.75551414489746,910
8750,298.4774568080902,910
Timed Out#HG-3SAT-V250-C1000-7.cnf,30,ri,0,b,0.250,0.06620383262634277,890
50,3.382309675216675,900
100,6.502708911895752,900
150,9.562463998794556,902
200,12.73184084892273,902
250,15.812943935394287,902
300,18.91599202156067,902
350,22.02379584312439,902
400,25.204855918884277,905
450,28.396673917770386,906
500,31.502800703048706,906
550,34.720552921295166,906
600,37.83219599723816,906
650,40.95738101005554,906
700,44.105854749679565,906
750,47.213377952575684,906
800,50.356029748916626,906
850,53.478675842285156,906
900,56.6255578994751,906
950,59.74344277381897,906
1000,62.868390798568726,906
1050,65.97656488418579,906
1100,69.13474988937378,906
1150,72.24868774414062,906
1200,75.32287192344666,906
1250,78.42631697654724,906
1300,81.52691197395325,906
1350,84.62875270843506,906
1400,87.74762797355652,907
1450,90.85774397850037,907
1500,93.96174097061157,907
1550,97.1234188079834,907
1600,100.25558805465698,908
1650,103.42110466957092,908
1700,106.54940795898438,908
1750,109.77911901473999,908
1800,112.94990468025208,908
1850,116.08054089546204,908
1900,119.17264580726624,908
1950,122.34458994865417,908
2000,125.48640990257263,908
2050,128.61215782165527,908
2100,131.7511169910431,908
2150,134.88382577896118,908
2200,138.01478385925293,908
2250,141.15567207336426,908
2300,144.33203506469727,908
2350,147.44812989234924,908
2400,150.61410284042358,908
2450,153.73797798156738,908
2500,156.86200785636902,908
2550,159.99648094177246,908
2600,163.15148282051086,908
2650,166.28116703033447,908
2700,169.3485028743744,908
2750,172.47106504440308,908
2800,175.61258792877197,908
2850,178.7797999382019,908
2900,181.9037230014801,908
2950,185.03571200370789,908
3000,188.15903568267822,908
3050,191.33417797088623,908
3100,194.46033668518066,908
3150,197.58646297454834,908
3200,200.72054386138916,908
3250,203.84919691085815,908
3300,206.98412990570068,908
3350,210.113285779953,908
3400,213.2532148361206,908
3450,216.38127875328064,908
3500,219.55715703964233,908
3550,222.69788193702698,908
3600,225.84124374389648,908
3650,228.96415090560913,908
3700,232.08911776542664,908
3750,235.1712727546692,908
3800,238.31092977523804,908
3850,241.40666484832764,908
3900,244.52150177955627,908
3950,247.65726900100708,908
4000,250.79418897628784,908
4050,253.87215185165405,908
4100,257.0097677707672,908
4150,260.1432569026947,908
4200,263.2729640007019,908
4250,266.41512393951416,908
4300,269.5874218940735,908
4350,272.672483921051,908
4400,275.79639077186584,908
4450,278.8912160396576,908
4500,282.05411291122437,908
4550,285.23953771591187,908
4600,288.367693901062,908
4650,291.4901270866394,908
4700,294.6128439903259,908
4750,297.7644348144531,908
Timed Out#HG-3SAT-V250-C1000-7.cnf,64,ri,0,b,0.250,0.14559412002563477,895
50,7.104266881942749,901
100,13.794723987579346,904
150,20.51335096359253,904
200,27.286749839782715,905
250,34.102900981903076,908
300,40.85226798057556,908
350,47.595258951187134,908
400,54.3656690120697,908
450,61.09837985038757,908
500,67.77305102348328,908
550,74.54387903213501,908
600,81.2302451133728,908
650,88.0815007686615,908
700,94.81213188171387,908
750,101.5504858493805,908
800,108.2690920829773,908
850,114.9906017780304,908
900,121.7508499622345,908
950,128.54236483573914,908
1000,135.28731679916382,908
1050,141.94873785972595,908
1100,148.7073199748993,908
1150,155.37303686141968,908
1200,162.19851779937744,908
1250,168.92202496528625,908
1300,175.66983795166016,908
1350,182.38565015792847,908
1400,189.07285594940186,908
1450,195.86950016021729,908
1500,202.58643794059753,908
1550,209.34357500076294,908
1600,216.0248508453369,908
1650,222.7509250640869,908
1700,229.4545431137085,908
1750,236.19605588912964,908
1800,242.95329809188843,908
1850,249.73056292533875,908
1900,256.48165702819824,908
1950,263.17813181877136,908
2000,269.90816712379456,908
2050,276.5941948890686,908
2100,283.3956708908081,908
2150,290.12658405303955,908
2200,296.85458493232727,908
Timed Out#HG-3SAT-V250-C1000-7.cnf,16,ri,0,b,0.50,0.03424501419067383,888
50,1.784548044204712,896
100,3.646714210510254,899
150,5.367316961288452,899
200,7.04571008682251,901
250,8.70632004737854,901
300,10.395795106887817,901
350,12.078583002090454,901
400,13.759825229644775,906
450,15.443928003311157,906
500,17.16595196723938,906
550,18.88691210746765,907
600,20.580918073654175,907
650,22.26297903060913,907
700,24.0017671585083,907
750,25.719274282455444,907
800,27.400116205215454,907
850,29.08387017250061,907
900,30.732473134994507,907
950,32.420122146606445,907
1000,34.154696226119995,907
1050,35.85844612121582,907
1100,37.54051399230957,907
1150,39.22068500518799,907
1200,40.91414713859558,907
1250,42.598448038101196,907
1300,44.28215312957764,907
1350,45.96093726158142,907
1400,47.641677141189575,907
1450,49.32120418548584,907
1500,51.00070118904114,907
1550,52.683919191360474,907
1600,54.36749219894409,908
1650,56.05938124656677,908
1700,57.737518072128296,908
1750,59.41888618469238,908
1800,61.10106420516968,908
1850,62.805453062057495,908
1900,64.48413109779358,908
1950,66.17980408668518,908
2000,67.89322805404663,908
2050,69.57981729507446,908
2100,71.27114915847778,908
2150,72.95433020591736,908
2200,74.63475704193115,908
2250,76.32360816001892,908
2300,78.01461815834045,908
2350,79.71333122253418,908
2400,81.44494724273682,908
2450,83.12903594970703,908
2500,84.82201910018921,908
2550,86.56364727020264,908
2600,88.27590107917786,908
2650,89.96107530593872,908
2700,91.66239619255066,908
2750,93.38322615623474,908
2800,95.04420232772827,908
2850,96.72221827507019,908
2900,98.44227409362793,908
2950,100.12199711799622,908
3000,101.87413024902344,908
3050,103.56779789924622,908
3100,105.2488181591034,908
3150,106.92617797851562,908
3200,108.60713410377502,908
3250,110.28970003128052,908
3300,111.97986030578613,908
3350,113.68386721611023,908
3400,115.33477020263672,908
3450,117.01666712760925,908
3500,118.71543598175049,908
3550,120.42982506752014,908
3600,122.11571907997131,908
3650,123.81564998626709,908
3700,125.53199934959412,908
3750,127.23468732833862,908
3800,128.92737317085266,908
3850,130.64894199371338,908
3900,132.37701320648193,908
3950,134.07307720184326,908
4000,135.75517201423645,908
4050,137.41285610198975,908
4100,139.1088900566101,908
4150,140.804447889328,908
4200,142.50118708610535,908
4250,144.19106602668762,908
4300,145.89622902870178,908
4350,147.58566808700562,908
4400,149.276789188385,908
4450,150.97005319595337,908
4500,152.66451025009155,908
4550,154.356516122818,908
4600,156.0464780330658,908
4650,157.72846722602844,908
4700,159.41473507881165,908
4750,161.15285301208496,908
4800,162.86117219924927,908
4850,164.5496711730957,908
4900,166.2405970096588,908
4950,167.98257517814636,908
5000,169.72548508644104,908
5050,171.4117841720581,908
5100,173.1017551422119,908
5150,174.79547214508057,908
5200,176.4959011077881,908
5250,178.19174218177795,908
5300,179.8896951675415,908
5350,181.6353702545166,908
5400,183.3401951789856,908
5450,185.03222227096558,908
5500,186.74907112121582,908
5550,188.47362208366394,908
5600,190.18443894386292,908
5650,191.8782880306244,908
5700,193.57093715667725,908
5750,195.26388025283813,908
5800,196.9545271396637,908
5850,198.60827016830444,908
5900,200.28158712387085,908
5950,201.97674202919006,908
6000,203.66804122924805,908
6050,205.37304711341858,908
6100,207.06440424919128,908
6150,208.76536917686462,908
6200,210.48515009880066,908
6250,212.16650915145874,908
6300,213.83712816238403,908
6350,215.5307891368866,908
6400,217.26281690597534,908
6450,218.95660734176636,908
6500,220.6629500389099,908
6550,222.35188221931458,908
6600,224.05483412742615,908
6650,225.74837923049927,908
6700,227.4389660358429,908
6750,229.13398814201355,908
6800,230.8274631500244,908
6850,232.55925226211548,908
6900,234.253515958786,908
6950,235.9549400806427,908
7000,237.64534497261047,908
7050,239.33722615242004,908
7100,240.99634909629822,908
7150,242.69561219215393,908
7200,244.38512420654297,908
7250,246.08321809768677,908
7300,247.8078272342682,908
7350,249.46366214752197,908
7400,251.16033816337585,908
7450,252.85275530815125,908
7500,254.54621624946594,908
7550,256.2478172779083,908
7600,257.94462513923645,908
7650,259.63680720329285,908
7700,261.328773021698,908
7750,263.0559251308441,908
7800,264.7547240257263,908
7850,266.4563639163971,908
7900,268.14731907844543,908
7950,269.81256008148193,908
8000,271.48200011253357,908
8050,273.1800889968872,908
8100,274.87411403656006,908
8150,276.5644361972809,908
8200,278.2635540962219,908
8250,279.98826003074646,908
8300,281.6921179294586,908
8350,283.38210010528564,908
8400,285.0753240585327,908
8450,286.7662751674652,908
8500,288.4583179950714,908
8550,290.15321707725525,908
8600,291.84609723091125,908
8650,293.5385069847107,908
8700,295.24763321876526,908
8750,296.982017993927,908
8800,298.6774272918701,908
Timed Out#HG-3SAT-V250-C1000-7.cnf,30,ri,0,b,0.50,0.06549978256225586,893
50,3.3949480056762695,901
100,6.544102907180786,907
150,9.700838804244995,907
200,12.97580099105835,907
250,16.138197898864746,907
300,19.305928945541382,907
350,22.48459792137146,907
400,25.77815079689026,907
450,28.967545986175537,907
500,32.11755108833313,907
550,35.35283613204956,907
600,38.51958394050598,907
650,41.753338098526,907
700,44.98082780838013,907
750,48.14409399032593,907
800,51.34089994430542,907
850,54.519004821777344,907
900,57.84440279006958,907
950,60.97107291221619,907
1000,64.2092878818512,907
1050,67.3720760345459,907
1100,70.5599410533905,907
1150,73.73763704299927,907
1200,76.93998694419861,907
1250,80.1058988571167,907
1300,83.26886987686157,907
1350,86.48406910896301,907
1400,89.6588659286499,907
1450,92.87902688980103,907
1500,96.04131984710693,907
1550,99.22066879272461,907
1600,102.42989110946655,907
1650,105.60268783569336,907
1700,108.79920196533203,907
1750,111.95805883407593,907
1800,115.1345009803772,907
1850,118.30097603797913,907
1900,121.42012095451355,907
1950,124.59053802490234,907
2000,127.80772185325623,907
2050,130.97710299491882,907
2100,134.2219340801239,907
2150,137.4461748600006,907
2200,140.63070678710938,907
2250,143.81280899047852,907
2300,147.00447797775269,907
2350,150.18561506271362,907
2400,153.38794589042664,907
2450,156.56587195396423,907
2500,159.752769947052,907
2550,162.95548486709595,907
2600,166.2377519607544,907
2650,169.42274689674377,907
2700,172.60213804244995,907
2750,175.80423974990845,907
2800,179.03661370277405,907
2850,182.2623999118805,907
2900,185.4035928249359,907
2950,188.6267077922821,907
3000,191.8078179359436,907
3050,194.98243284225464,907
3100,198.16795182228088,907
3150,201.35334706306458,907
3200,204.5362069606781,907
3250,207.7359857559204,907
3300,210.9226701259613,907
3350,214.11212277412415,907
3400,217.29696679115295,907
3450,220.52045679092407,907
3500,223.69318914413452,907
3550,226.86203289031982,907
3600,230.04335594177246,907
3650,233.26330590248108,907
3700,236.45854210853577,907
3750,239.69819498062134,907
3800,242.91750383377075,907
3850,246.11888003349304,907
3900,249.36234593391418,907
3950,252.5654969215393,907
4000,255.71243476867676,907
4050,258.89128589630127,911
4100,262.1347351074219,911
4150,265.33554100990295,911
4200,268.56868982315063,911
4250,271.75064992904663,911
4300,274.9365379810333,911
4350,278.0824818611145,911
4400,281.27760577201843,911
4450,284.461452960968,911
4500,287.646271944046,911
4550,290.8448760509491,911
4600,294.06073808670044,911
4650,297.25283193588257,911
Timed Out#HG-3SAT-V250-C1000-7.cnf,64,ri,0,b,0.50,0.16780328750610352,899
50,7.0689921379089355,903
100,13.912342071533203,905
150,20.590567350387573,905
200,27.400163173675537,905
250,34.14208006858826,905
300,40.93225431442261,905
350,47.69975423812866,905
400,54.425464153289795,905
450,61.19925117492676,905
500,67.98403930664062,906
550,74.72271513938904,906
600,81.44398522377014,906
650,88.28412628173828,906
700,95.07545328140259,906
750,101.8615050315857,906
800,108.61787700653076,906
850,115.42227125167847,906
900,122.20709133148193,906
950,128.9709451198578,906
1000,135.798344373703,906
1050,142.53993225097656,906
1100,149.31415605545044,906
1150,156.05306315422058,906
1200,162.78961420059204,906
1250,169.5181863307953,906
1300,176.22110104560852,907
1350,183.04713916778564,907
1400,189.8495261669159,907
1450,196.59072923660278,907
1500,203.38879108428955,907
1550,210.1127552986145,907
1600,216.82097029685974,907
1650,223.63076615333557,908
1700,230.40681433677673,908
1750,237.1785740852356,908
1800,243.95107507705688,908
1850,250.6825451850891,908
1900,257.4031331539154,908
1950,264.0776822566986,908
2000,270.8055782318115,908
2050,277.583300113678,908
2100,284.321973323822,908
2150,291.06252431869507,908
2200,297.83170199394226,908
Timed Out